{
  "project_info": {
    "project_number": "456243003370",
    "project_id": "rideshare-cee13",
    "storage_bucket": "rideshare-cee13.appspot.com"
  },
  "client": [
    {
      "client_info": {
        "mobilesdk_app_id": "1:456243003370:android:d2d59f3016aa9173623c93",
        "android_client_info": {
          "package_name": "com.example.riderfcmtest"
        }
      },
      "oauth_client": [
        {
          "client_id": "456243003370-h6if5um878eo2k3uthusp901kq7k40q8.apps.googleusercontent.com",
          "client_type": 3
        }
      ],
      "api_key": [
        {
          "current_key": "AIzaSyCBmaZesYmCfESwhdVCH0e67M_6OemmO1U"
        }
      ],
      "services": {
        "appinvite_service": {
          "other_platform_oauth_client": [
            {
              "client_id": "456243003370-h6if5um878eo2k3uthusp901kq7k40q8.apps.googleusercontent.com",
              "client_type": 3
            }
          ]
        }
      }
    }
  ],
  "configuration_version": "1"
}